id,timestamp,amount,merchant,category,account_from,account_to
10363ea1-60da-4f95-92c8-560cf027b110,2026-04-11T10:00:00Z,9950.00,PaySim_Network,TRANSFER,C764826684,C882931102
82106cff-1b3f-41b6-af76-08f1103d64e8,2026-04-11T10:00:00Z,9950.00,PaySim_Network,TRANSFER,C882931102,C334921005
d1022752-bbf0-4de0-a568-886b57034b96,2026-04-11T10:00:00Z,9950.00,PaySim_Network,TRANSFER,C334921005,C551203994
599881f4-ebea-4ca8-8aae-fb055e0c9be8,2026-04-11T10:00:00Z,9950.00,PaySim_Network,TRANSFER,C551203994,C110293884
d16974d0-7f06-4cd9-a8ee-b4a36f1e0f9b,2026-04-11T10:00:00Z,9950.00,PaySim_Network,TRANSFER,C110293884,C764826684
2c920d16-fef4-4dee-a633-16865092f227,2026-04-11T10:00:00Z,150.00,PaySim_Network,PAYMENT,C1979787155,M2041000
dff4ab0a-1f4b-4ffc-8afa-041b7aa45a43,2026-04-11T10:00:00Z,150.00,PaySim_Network,PAYMENT,C1979787155,M2041001
7568e7ff-4e20-4a7b-98ed-b875dce768f7,2026-04-11T10:00:00Z,150.00,PaySim_Network,PAYMENT,C1979787155,M2041002
03812ca1-a7b1-4c5d-b82d-67795e9d5516,2026-04-11T10:00:00Z,150.00,PaySim_Network,PAYMENT,C1979787155,M2041003
30d3074a-73c0-4f7e-a2f7-e12efd96f42f,2026-04-11T10:00:00Z,150.00,PaySim_Network,PAYMENT,C1979787155,M2041004
a31b4fba-de6e-4981-9585-89cdc4dcfb5e,2026-04-11T10:00:00Z,150.00,PaySim_Network,PAYMENT,C1979787155,M2041005
509d1ef2-8cf2-46de-ab51-69c612b14231,2026-04-11T10:00:00Z,150.00,PaySim_Network,PAYMENT,C1979787155,M2041006
9b6e573c-3eba-4338-9029-5a9e841c8021,2026-04-11T10:00:00Z,150.00,PaySim_Network,PAYMENT,C1979787155,M2041007
1e06c576-1001-4837-998f-5f6693f65c0b,2026-04-11T10:00:00Z,150.00,PaySim_Network,PAYMENT,C1979787155,M2041008
640d9832-9586-46c0-82ca-8c9494e26bae,2026-04-11T10:00:00Z,150.00,PaySim_Network,PAYMENT,C1979787155,M2041009
b0eb525a-41c2-48ba-aa4a-6ff38a01a7dd,2026-04-11T10:00:00Z,150.00,PaySim_Network,PAYMENT,C1979787155,M2041010
50c1c147-0f9d-4f0d-8549-8546cefb0521,2026-04-11T10:00:00Z,150.00,PaySim_Network,PAYMENT,C1979787155,M2041011
4dbc35a7-b479-4037-b8a3-682e0aac96ce,2026-04-11T10:00:00Z,150.00,PaySim_Network,PAYMENT,C1979787155,M2041012
e3424b3a-2eba-4d44-9931-26c64613c266,2026-04-11T10:00:00Z,150.00,PaySim_Network,PAYMENT,C1979787155,M2041013
068aef4f-1749-485b-a302-25ab083a2ae7,2026-04-11T10:00:00Z,150.00,PaySim_Network,PAYMENT,C1979787155,M2041014
487b2e29-5a64-4fa4-aeb4-896dd90f7bcf,2026-04-11T10:00:00Z,150.00,PaySim_Network,PAYMENT,C1979787155,M2041015
5809b028-37cc-431c-8a51-263c73c8474e,2026-04-11T10:00:00Z,150.00,PaySim_Network,PAYMENT,C1979787155,M2041016
6a505cc2-d7fa-438f-a28c-acf0c6337b55,2026-04-11T10:00:00Z,150.00,PaySim_Network,PAYMENT,C1979787155,M2041017
00bb9d87-3a20-46ad-96df-5e38184b5197,2026-04-11T10:00:00Z,150.00,PaySim_Network,PAYMENT,C1979787155,M2041018
9dd990fd-44dc-44c0-8e53-6a8e07624a46,2026-04-11T10:00:00Z,150.00,PaySim_Network,PAYMENT,C1979787155,M2041019
c08dcf16-b924-4c05-b2c7-f31d0b37c8b9,2026-04-11T10:00:00Z,150.00,PaySim_Network,PAYMENT,C1979787155,M2041020
ee3867df-861e-4a87-ac60-6561377cff1a,2026-04-11T10:00:00Z,150.00,PaySim_Network,PAYMENT,C1979787155,M2041021
975410da-b3c7-48e3-ad80-5b18ef2bc63e,2026-04-11T10:00:00Z,150.00,PaySim_Network,PAYMENT,C1979787155,M2041022
f8e4fdb3-1abb-47a6-81c2-c555241c36b8,2026-04-11T10:00:00Z,150.00,PaySim_Network,PAYMENT,C1979787155,M2041023
bf997bac-aae2-4fd2-a05c-7c3d143cad23,2026-04-11T10:00:00Z,150.00,PaySim_Network,PAYMENT,C1979787155,M2041024
3a2defcd-db39-410b-abb2-f4cfc19f51dc,2026-04-11T10:00:00Z,9985.50,PaySim_Network,TRANSFER,C1231006815,C993847721
02154d70-79c5-4660-95f0-f6312a66e498,2026-04-11T10:00:00Z,9985.50,PaySim_Network,TRANSFER,C1231006815,C993847721
ed11b243-397f-4d99-8ec7-6e9bd5e675f5,2026-04-11T10:00:00Z,9985.50,PaySim_Network,TRANSFER,C1231006815,C993847721
ce0c2d55-4e94-4c40-92f5-7e9318b946fb,2026-04-11T10:00:00Z,9985.50,PaySim_Network,TRANSFER,C1231006815,C993847721
697f5dee-bd5b-4a75-9623-aea6ec579aaa,2026-04-11T10:00:00Z,9985.50,PaySim_Network,TRANSFER,C1231006815,C993847721
45956843-7b00-4d9b-90c8-07cd1d43752f,2026-04-11T10:00:00Z,9985.50,PaySim_Network,TRANSFER,C1231006815,C993847721
1c448f69-741f-418f-9ead-1b9d7dd5565a,2026-04-11T10:00:00Z,9985.50,PaySim_Network,TRANSFER,C1231006815,C993847721
e492a06d-9ae5-4591-95e7-ab68d0f9d4dc,2026-04-11T10:00:00Z,9985.50,PaySim_Network,TRANSFER,C1231006815,C993847721
bf632acc-a06a-4b0a-999b-3028d707b7bc,2026-04-11T10:00:00Z,1472.65,PaySim_Network,TRANSFER,C3300,C4405
e70c5ff6-cb1c-4b13-9025-907e9d105013,2026-04-11T10:00:00Z,377.19,PaySim_Network,TRANSFER,C3301,C4406
bae444fb-9b47-476d-9b6d-b8f35de295c6,2026-04-11T10:00:00Z,4371.18,PaySim_Network,TRANSFER,C3302,C4407
52956976-0397-4543-92a2-08e68a46d5e3,2026-04-11T10:00:00Z,4946.43,PaySim_Network,TRANSFER,C3303,C4408
5ad52933-8609-4032-be80-b2788fe470ec,2026-04-11T10:00:00Z,2915.24,PaySim_Network,TRANSFER,C3304,C4409
3e76039d-9af4-4849-be7b-d44bb8f8b26a,2026-04-11T10:00:00Z,4286.34,PaySim_Network,TRANSFER,C3305,C44010
f7f38a05-a816-45f8-b020-ce1dc18a31ee,2026-04-11T10:00:00Z,4063.19,PaySim_Network,TRANSFER,C3306,C44011
008b2d55-fcc7-48dc-b673-6e8b3539cd17,2026-04-11T10:00:00Z,1374.30,PaySim_Network,TRANSFER,C3307,C44012
302e77b6-9e75-41dd-8ff8-5aba5bc5f06f,2026-04-11T10:00:00Z,2738.49,PaySim_Network,TRANSFER,C3308,C44013
a957aba1-baa4-418a-b456-37f1802bef2d,2026-04-11T10:00:00Z,4876.87,PaySim_Network,TRANSFER,C3309,C44014
1989c5d1-8963-4e86-aec4-b23064622898,2026-04-11T10:00:00Z,2500.98,PaySim_Network,TRANSFER,C33010,C44015
dfb7f9c4-20b3-4478-b64b-5a9b5fcd37f6,2026-04-11T10:00:00Z,2682.78,PaySim_Network,TRANSFER,C33011,C44016
b50e9286-cbbf-4f3a-8400-ed25ff3ea6db,2026-04-11T10:00:00Z,1165.27,PaySim_Network,TRANSFER,C33012,C44017
59b8fb02-e477-4f9c-98aa-635fc89fd7d6,2026-04-11T10:00:00Z,2617.17,PaySim_Network,TRANSFER,C33013,C44018
d467675e-f4c5-4d7b-8063-884f325ec084,2026-04-11T10:00:00Z,1117.75,PaySim_Network,TRANSFER,C33014,C44019
fe63f2ac-488c-4a9c-8c92-aa01618f76c9,2026-04-11T10:00:00Z,58.45,PaySim_Network,TRANSFER,C33015,C44020
2cd68036-4e24-498b-a30c-9951212147d0,2026-04-11T10:00:00Z,2868.16,PaySim_Network,TRANSFER,C33016,C44021
fb9f5ceb-0479-4432-95eb-f98785b328a5,2026-04-11T10:00:00Z,4085.54,PaySim_Network,TRANSFER,C33017,C44022
2434a843-31e6-4e6b-a8e5-f5521ce94f7e,2026-04-11T10:00:00Z,593.20,PaySim_Network,TRANSFER,C33018,C44023
146b3494-eee3-4519-a804-de0da08b699d,2026-04-11T10:00:00Z,1088.55,PaySim_Network,TRANSFER,C33019,C44024
744d2818-9e29-4ff9-9140-c64850b0a268,2026-04-11T10:00:00Z,2117.94,PaySim_Network,TRANSFER,C33020,C44025
0fd98ecd-3161-46e6-8888-b8cc8c7f73f5,2026-04-11T10:00:00Z,4353.82,PaySim_Network,TRANSFER,C33021,C44026
dad729d2-972e-4f7d-a88f-b1997e947bb5,2026-04-11T10:00:00Z,3726.58,PaySim_Network,TRANSFER,C33022,C44027
eb6c5835-7867-456b-9aaa-7572e99c6fc4,2026-04-11T10:00:00Z,4311.07,PaySim_Network,TRANSFER,C33023,C44028
3925abaa-c4d7-4baf-943c-5c9ee8f304ae,2026-04-11T10:00:00Z,2459.61,PaySim_Network,TRANSFER,C33024,C44029
15030e1b-7b4e-4b92-b85d-0d258805749e,2026-04-11T10:00:00Z,3007.08,PaySim_Network,TRANSFER,C33025,C44030
a566d0b3-7de0-4efc-afd1-451dbd3aedbc,2026-04-11T10:00:00Z,3496.05,PaySim_Network,TRANSFER,C33026,C44031
91cf0db3-49f4-490a-978f-5f689026e0b3,2026-04-11T10:00:00Z,180.60,PaySim_Network,TRANSFER,C33027,C44032
5d5274de-16b5-47d5-b055-cd930d49200c,2026-04-11T10:00:00Z,1164.61,PaySim_Network,TRANSFER,C33028,C44033
637fc713-e108-4c77-9601-cc7215187e6f,2026-04-11T10:00:00Z,3960.81,PaySim_Network,TRANSFER,C33029,C44034
aae09ec6-a153-40b0-bbfc-402b38bada8c,2026-04-11T10:00:00Z,3982.96,PaySim_Network,TRANSFER,C33030,C44035
a893e3d3-ee98-4a45-a5fb-f8fb5cad9638,2026-04-11T10:00:00Z,3173.64,PaySim_Network,TRANSFER,C33031,C44036
e1b7d96f-3b1b-4ca1-8fa7-72079a63273f,2026-04-11T10:00:00Z,691.98,PaySim_Network,TRANSFER,C33032,C44037
2ed74adc-3308-49e7-80db-de7674193d80,2026-04-11T10:00:00Z,868.34,PaySim_Network,TRANSFER,C33033,C44038
425b3a07-bdee-4c14-850f-3fab85793827,2026-04-11T10:00:00Z,3543.50,PaySim_Network,TRANSFER,C33034,C44039
090fb77d-9948-40a8-ac4a-e3a0a72bac94,2026-04-11T10:00:00Z,4901.70,PaySim_Network,TRANSFER,C33035,C44040
4e6b699c-fec9-405b-b516-1030d089a8e6,2026-04-11T10:00:00Z,769.31,PaySim_Network,TRANSFER,C33036,C44041
259f251e-f3a8-4791-8404-27723c5e7758,2026-04-11T10:00:00Z,28.35,PaySim_Network,TRANSFER,C33037,C44042
ca31c56e-f224-4bce-9a50-e3ad3d0fb617,2026-04-11T10:00:00Z,4128.67,PaySim_Network,TRANSFER,C33038,C44043
c683c734-3c05-4660-95fc-e2b7fa9d17ab,2026-04-11T10:00:00Z,3748.65,PaySim_Network,TRANSFER,C33039,C44044
973213de-46bd-443a-bb27-363f6c69ac7b,2026-04-11T10:00:00Z,1812.55,PaySim_Network,TRANSFER,C33040,C44045
2fbbdf33-9c1d-4c6a-b4bc-b9b41e4f46e5,2026-04-11T10:00:00Z,2516.99,PaySim_Network,TRANSFER,C33041,C44046
033d3602-49d8-4e78-ba00-ef7626c62d03,2026-04-11T10:00:00Z,1960.92,PaySim_Network,TRANSFER,C33042,C44047
0e2a4f7f-5119-4aee-9666-faa272b39d95,2026-04-11T10:00:00Z,4517.34,PaySim_Network,TRANSFER,C33043,C44048
c553e54a-9232-4819-b884-1a6adc827160,2026-04-11T10:00:00Z,2134.56,PaySim_Network,TRANSFER,C33044,C44049
37535237-6b14-4d7d-ae12-4c75074e9040,2026-04-11T10:00:00Z,4350.78,PaySim_Network,TRANSFER,C33045,C44050
84f18f3c-9174-4209-8d2b-026d082c82b7,2026-04-11T10:00:00Z,1226.98,PaySim_Network,TRANSFER,C33046,C44051
60ba7878-d265-40ed-8b8a-820359231d5a,2026-04-11T10:00:00Z,2093.96,PaySim_Network,TRANSFER,C33047,C44052
f55f7d27-7c1f-4170-8f3e-2ab18b5351e4,2026-04-11T10:00:00Z,2958.02,PaySim_Network,TRANSFER,C33048,C44053
79367b2e-2e10-446d-9b1e-9a2724f20c4d,2026-04-11T10:00:00Z,4149.06,PaySim_Network,TRANSFER,C33049,C44054
38efa2d0-c4f2-4b38-a4d3-a82b68a4c56e,2026-04-11T10:00:00Z,4707.79,PaySim_Network,TRANSFER,C33050,C44055
eab5c630-64d1-47bf-9c4d-445d92f642d3,2026-04-11T10:00:00Z,3600.63,PaySim_Network,TRANSFER,C33051,C44056
a8a39fd7-9b72-448b-a4d2-7c565d00d55b,2026-04-11T10:00:00Z,730.50,PaySim_Network,TRANSFER,C33052,C44057
efafd33c-b170-4fb1-88ca-204d82be9a2f,2026-04-11T10:00:00Z,2045.56,PaySim_Network,TRANSFER,C33053,C44058
11b02c17-acce-40d4-9394-632e9630fcef,2026-04-11T10:00:00Z,2528.53,PaySim_Network,TRANSFER,C33054,C44059
b8e7b2b0-2d6c-46ec-acd3-ff441127ec65,2026-04-11T10:00:00Z,3958.58,PaySim_Network,TRANSFER,C33055,C44060
310e9442-1f78-40e3-94b3-c0fa22a97d9a,2026-04-11T10:00:00Z,3696.57,PaySim_Network,TRANSFER,C33056,C44061
1c66b2a6-6435-4fe8-b9a1-354ddfcedea1,2026-04-11T10:00:00Z,246.44,PaySim_Network,TRANSFER,C33057,C44062
0ee6bd86-a2d3-4fe7-a9f4-973e1a8e0b7b,2026-04-11T10:00:00Z,353.29,PaySim_Network,TRANSFER,C33058,C44063
99aef7b6-b16d-4881-8e25-521afe615981,2026-04-11T10:00:00Z,3711.13,PaySim_Network,TRANSFER,C33059,C44064
b1f01571-96d1-4426-aa4c-aedf22101841,2026-04-11T10:00:00Z,3401.44,PaySim_Network,TRANSFER,C33060,C44065
8ca8fa9e-b3f0-4044-9724-3fdd3c29673e,2026-04-11T10:00:00Z,767.86,PaySim_Network,TRANSFER,C33061,C44066
0f5e4c1d-1b25-4d7d-a444-ec9945370e9b,2026-04-11T10:00:00Z,4591.60,PaySim_Network,TRANSFER,C33062,C44067
bfc83a1c-89d2-4a82-8899-44dfe1e4920f,2026-04-11T10:00:00Z,3067.81,PaySim_Network,TRANSFER,C33063,C44068
9302ac54-75ea-4f73-8472-8915f0fd5790,2026-04-11T10:00:00Z,2141.95,PaySim_Network,TRANSFER,C33064,C44069
50319e50-268a-40d3-8f43-9344bd555e08,2026-04-11T10:00:00Z,4778.53,PaySim_Network,TRANSFER,C33065,C44070
07757956-bd0b-4e5b-ad97-ece3c2a14223,2026-04-11T10:00:00Z,4595.88,PaySim_Network,TRANSFER,C33066,C44071
cdce6d06-ba0b-4238-aaef-c59c9203c6fd,2026-04-11T10:00:00Z,4216.36,PaySim_Network,TRANSFER,C33067,C44072
a5356d9d-82c2-4f1d-969c-5c802e513b2f,2026-04-11T10:00:00Z,4656.73,PaySim_Network,TRANSFER,C33068,C44073
3bf52644-bdab-4ccb-8f2d-d54992860840,2026-04-11T10:00:00Z,3834.07,PaySim_Network,TRANSFER,C33069,C44074
62f04a1f-544f-41de-aeef-79a019adc103,2026-04-11T10:00:00Z,1185.57,PaySim_Network,TRANSFER,C33070,C44075
a8c08c94-1039-4f56-af8f-e8f5aa5f227d,2026-04-11T10:00:00Z,2668.47,PaySim_Network,TRANSFER,C33071,C44076
2bc6feb4-15eb-48ee-99ff-79eed9f6e916,2026-04-11T10:00:00Z,1484.02,PaySim_Network,TRANSFER,C33072,C44077
7eb8f0c4-cf0a-48d5-b9ad-677ede3bdbec,2026-04-11T10:00:00Z,2547.42,PaySim_Network,TRANSFER,C33073,C44078
ab7af5af-e1a6-4f86-9d34-ff5878d4989e,2026-04-11T10:00:00Z,3652.41,PaySim_Network,TRANSFER,C33074,C44079
81704999-ca85-4aa3-9b65-55dc1bcf11b8,2026-04-11T10:00:00Z,3904.59,PaySim_Network,TRANSFER,C33075,C44080
35b6a441-c2da-4a1c-a274-d722eb657a54,2026-04-11T10:00:00Z,2030.95,PaySim_Network,TRANSFER,C33076,C44081
4952d82c-d972-4934-bb3e-cc99cdb93071,2026-04-11T10:00:00Z,628.55,PaySim_Network,TRANSFER,C33077,C44082
b5a5ccd5-c59b-4420-8a0e-9c2546ff4da8,2026-04-11T10:00:00Z,2595.49,PaySim_Network,TRANSFER,C33078,C44083
d9577692-dd1e-45e7-a100-725dcc6da6b9,2026-04-11T10:00:00Z,194.62,PaySim_Network,TRANSFER,C33079,C44084
1b8c5b1c-5c51-4459-9ad6-07d9cbac34cb,2026-04-11T10:00:00Z,4559.42,PaySim_Network,TRANSFER,C33080,C44085
90d87312-0b2c-4695-8d36-ffeb71cbe6f4,2026-04-11T10:00:00Z,1798.08,PaySim_Network,TRANSFER,C33081,C44086
52967631-5f10-4ebe-b637-3889d837af73,2026-04-11T10:00:00Z,3631.78,PaySim_Network,TRANSFER,C33082,C44087
0455b927-0623-400f-b766-ba5302467e3c,2026-04-11T10:00:00Z,2008.84,PaySim_Network,TRANSFER,C33083,C44088
8d29dd5c-6654-4559-8a04-0cdc8844ed7c,2026-04-11T10:00:00Z,3217.79,PaySim_Network,TRANSFER,C33084,C44089
97dd767a-b768-4b01-b186-2a57e4a570b1,2026-04-11T10:00:00Z,4912.23,PaySim_Network,TRANSFER,C33085,C44090
8af72601-4437-4350-8bd3-2916b11b2964,2026-04-11T10:00:00Z,890.16,PaySim_Network,TRANSFER,C33086,C44091
459092c0-1f61-4ec4-b692-a193b5561399,2026-04-11T10:00:00Z,2013.08,PaySim_Network,TRANSFER,C33087,C44092
508976cf-e77c-4dc5-9d27-33b8b37c2133,2026-04-11T10:00:00Z,1236.84,PaySim_Network,TRANSFER,C33088,C44093
90b54af0-7391-40ec-a768-1514f130f7df,2026-04-11T10:00:00Z,2159.96,PaySim_Network,TRANSFER,C33089,C44094
ccd0bc3b-ba71-4bbd-b687-ac7fd7eab79d,2026-04-11T10:00:00Z,2042.44,PaySim_Network,TRANSFER,C33090,C44095
9f1f7701-accf-4305-a66e-9dd01758f682,2026-04-11T10:00:00Z,1810.85,PaySim_Network,TRANSFER,C33091,C44096
83df0f12-9e1c-45bc-bd2d-16bd6878e6a2,2026-04-11T10:00:00Z,4498.40,PaySim_Network,TRANSFER,C33092,C44097
9a171f6e-94ac-47a7-a45b-abb917200a9d,2026-04-11T10:00:00Z,1351.99,PaySim_Network,TRANSFER,C33093,C44098
e6e1901f-840f-4ee4-9f13-3728f3d5b48d,2026-04-11T10:00:00Z,618.20,PaySim_Network,TRANSFER,C33094,C44099
57ea67db-015d-4a06-bb54-125b11a12e61,2026-04-11T10:00:00Z,4413.11,PaySim_Network,TRANSFER,C33095,C440100
6f8549d9-93e8-48c0-ba51-4316039d103e,2026-04-11T10:00:00Z,2555.81,PaySim_Network,TRANSFER,C33096,C440101
8cb8ea78-2485-4c7c-a7f2-2bcc905c168e,2026-04-11T10:00:00Z,4324.39,PaySim_Network,TRANSFER,C33097,C440102
68c35c79-95ff-483a-9ec8-b23881e0a740,2026-04-11T10:00:00Z,710.01,PaySim_Network,TRANSFER,C33098,C440103
91029114-e7b6-4180-9965-f1ea70394b19,2026-04-11T10:00:00Z,2204.64,PaySim_Network,TRANSFER,C33099,C440104
e040920a-5454-49e4-a8f0-d4052c8edb5d,2026-04-11T10:00:00Z,2478.69,PaySim_Network,TRANSFER,C330100,C440105
b30ab81f-c56e-4e7b-8a19-dec35343c5d8,2026-04-11T10:00:00Z,4028.00,PaySim_Network,TRANSFER,C330101,C440106
51e41bfd-58f4-442c-8828-835f209dbb2e,2026-04-11T10:00:00Z,3805.61,PaySim_Network,TRANSFER,C330102,C440107
f913de33-8432-4db2-badf-bf305aab0806,2026-04-11T10:00:00Z,2523.67,PaySim_Network,TRANSFER,C330103,C440108
c8054cdc-017f-46c6-93cd-9aeb24f10e49,2026-04-11T10:00:00Z,1822.22,PaySim_Network,TRANSFER,C330104,C440109
af4d3be5-782c-4fc9-a229-07e0958294e5,2026-04-11T10:00:00Z,3065.72,PaySim_Network,TRANSFER,C330105,C440110
95795a7e-b39f-4e0b-b2ca-0656dd32f0f1,2026-04-11T10:00:00Z,3786.04,PaySim_Network,TRANSFER,C330106,C440111
58a90457-dd56-4a50-adb0-8e7d434cce0a,2026-04-11T10:00:00Z,4177.07,PaySim_Network,TRANSFER,C330107,C440112
96863caa-0c70-4384-814a-e3852f833446,2026-04-11T10:00:00Z,1112.71,PaySim_Network,TRANSFER,C330108,C440113
fa9d8903-30d4-4d0f-83e8-fa89e96f1a1d,2026-04-11T10:00:00Z,4225.58,PaySim_Network,TRANSFER,C330109,C440114
58fb81f3-c94b-43e4-bae4-81fbf172ef70,2026-04-11T10:00:00Z,2381.36,PaySim_Network,TRANSFER,C330110,C440115
47352d97-13b3-4388-877b-830e7108097b,2026-04-11T10:00:00Z,929.01,PaySim_Network,TRANSFER,C330111,C440116
7d85254f-f188-4849-b201-86aa8df0472e,2026-04-11T10:00:00Z,1097.60,PaySim_Network,TRANSFER,C330112,C440117
9e278d86-da62-44f2-acb8-67e2b4189844,2026-04-11T10:00:00Z,914.05,PaySim_Network,TRANSFER,C330113,C440118
1fe857cf-9345-41e6-a20d-7a6fda9425c2,2026-04-11T10:00:00Z,413.14,PaySim_Network,TRANSFER,C330114,C440119
de6c36c1-2ee7-4ac5-845e-36ea5b924967,2026-04-11T10:00:00Z,4304.68,PaySim_Network,TRANSFER,C330115,C440120
afec178e-5c83-4cea-95a4-b5274d598405,2026-04-11T10:00:00Z,4207.18,PaySim_Network,TRANSFER,C330116,C440121
576c0a36-77ba-4722-bfcf-3e7ab6a6896a,2026-04-11T10:00:00Z,2158.99,PaySim_Network,TRANSFER,C330117,C440122
fa50f5fe-5f2d-4432-bc7e-a5ca8751a2a5,2026-04-11T10:00:00Z,1676.53,PaySim_Network,TRANSFER,C330118,C440123
92818347-9b96-47ef-9248-14828127658c,2026-04-11T10:00:00Z,1778.30,PaySim_Network,TRANSFER,C330119,C440124
633be616-c5a6-4c06-ba2f-39c615909ec9,2026-04-11T10:00:00Z,2082.77,PaySim_Network,TRANSFER,C330120,C440125
1b889dd5-f4e1-4b7e-a847-0aa9dcf62f50,2026-04-11T10:00:00Z,4754.31,PaySim_Network,TRANSFER,C330121,C440126
a6389592-824f-4b88-80a9-28936708a564,2026-04-11T10:00:00Z,4386.20,PaySim_Network,TRANSFER,C330122,C440127
a0e6adb1-a401-485d-bb15-8a3cc41bb6be,2026-04-11T10:00:00Z,4420.39,PaySim_Network,TRANSFER,C330123,C440128
37316bcd-8c60-4beb-8564-a342e38bded6,2026-04-11T10:00:00Z,3419.25,PaySim_Network,TRANSFER,C330124,C440129
0b396045-b65c-4594-b291-5df82c41da2a,2026-04-11T10:00:00Z,122.16,PaySim_Network,TRANSFER,C330125,C440130
09aaa544-7e23-4e19-bedb-3aed305c9001,2026-04-11T10:00:00Z,2918.78,PaySim_Network,TRANSFER,C330126,C440131
54fb10b3-0661-4248-9ce4-682d46cd08bf,2026-04-11T10:00:00Z,2584.81,PaySim_Network,TRANSFER,C330127,C440132
95d0105b-8855-41b5-b55f-356803ac1d6a,2026-04-11T10:00:00Z,4532.68,PaySim_Network,TRANSFER,C330128,C440133
827e8abf-bb94-4c4e-8eac-96810a092d0c,2026-04-11T10:00:00Z,4526.44,PaySim_Network,TRANSFER,C330129,C440134
635bd817-44cd-4d7b-ade9-8de077ba7aab,2026-04-11T10:00:00Z,2205.33,PaySim_Network,TRANSFER,C330130,C440135
0f6804ff-bf90-403d-ab78-b9d6226676ec,2026-04-11T10:00:00Z,2232.10,PaySim_Network,TRANSFER,C330131,C440136
6e08fa3a-2247-4a13-b716-a45e8a56e0fd,2026-04-11T10:00:00Z,118.31,PaySim_Network,TRANSFER,C330132,C440137
f3050b28-e6df-4a1d-a52f-95a1cbd7a21c,2026-04-11T10:00:00Z,4052.03,PaySim_Network,TRANSFER,C330133,C440138
7cdc0528-ddda-488d-9ca0-fad6a173d094,2026-04-11T10:00:00Z,3427.72,PaySim_Network,TRANSFER,C330134,C440139
799b20c5-7081-4054-bb07-5f3aedd9611c,2026-04-11T10:00:00Z,970.69,PaySim_Network,TRANSFER,C330135,C440140
bef781ff-642d-4c5e-be74-6c0c2d2b7d3c,2026-04-11T10:00:00Z,4858.38,PaySim_Network,TRANSFER,C330136,C440141
9fb8b8be-f2a9-49e9-8b8f-ea22e56f4b0b,2026-04-11T10:00:00Z,4014.62,PaySim_Network,TRANSFER,C330137,C440142
5ac2edef-73fc-4767-89ba-4b4dee2bbc9b,2026-04-11T10:00:00Z,3196.17,PaySim_Network,TRANSFER,C330138,C440143
5ae0faa1-3507-4c35-ae9a-f51448e7404e,2026-04-11T10:00:00Z,4625.97,PaySim_Network,TRANSFER,C330139,C440144
33f9d4d3-98a4-45dc-9eda-31fed1e14712,2026-04-11T10:00:00Z,3178.82,PaySim_Network,TRANSFER,C330140,C440145
25dde86b-2dea-4d2b-9b8a-4857e5abefb0,2026-04-11T10:00:00Z,585.05,PaySim_Network,TRANSFER,C330141,C440146
ec8805ee-5336-489d-b94c-07d9d700d5b7,2026-04-11T10:00:00Z,1838.70,PaySim_Network,TRANSFER,C330142,C440147
ec556c02-c85e-425a-9bbc-5aa42ce81920,2026-04-11T10:00:00Z,3856.00,PaySim_Network,TRANSFER,C330143,C440148
95f7e553-1975-449f-a1ec-df217daedb6d,2026-04-11T10:00:00Z,249.73,PaySim_Network,TRANSFER,C330144,C440149
bde395e0-a42a-4122-af8e-73d1ad816d22,2026-04-11T10:00:00Z,1848.84,PaySim_Network,TRANSFER,C330145,C440150
1ec3b59a-e829-49dc-8a05-8afc3cd1abe1,2026-04-11T10:00:00Z,439.57,PaySim_Network,TRANSFER,C330146,C440151
590d1d67-9c4c-47cc-b3d0-a77b4f97a92b,2026-04-11T10:00:00Z,125.01,PaySim_Network,TRANSFER,C330147,C440152
a8dba3df-4673-4a6e-af39-f5d62413f513,2026-04-11T10:00:00Z,643.81,PaySim_Network,TRANSFER,C330148,C440153
02d02c30-9ee7-4d57-a0cd-42d3f4cea3e7,2026-04-11T10:00:00Z,1117.56,PaySim_Network,TRANSFER,C330149,C440154
1b9ca2b2-6147-475d-af10-e4a316b72059,2026-04-11T10:00:00Z,890.37,PaySim_Network,TRANSFER,C330150,C440155
b4758272-430b-4f04-b8fb-bd21b0ef64ba,2026-04-11T10:00:00Z,4591.95,PaySim_Network,TRANSFER,C330151,C440156
bddd764a-816a-4dba-8390-ba88228c415e,2026-04-11T10:00:00Z,2652.50,PaySim_Network,TRANSFER,C330152,C440157
eb367fac-d390-43ba-8ce0-40846b9f2788,2026-04-11T10:00:00Z,4453.17,PaySim_Network,TRANSFER,C330153,C440158
152f2dff-156d-408d-86da-bb5397f90103,2026-04-11T10:00:00Z,4726.09,PaySim_Network,TRANSFER,C330154,C440159
768df629-2410-49e4-9830-8d07951800f9,2026-04-11T10:00:00Z,483.00,PaySim_Network,TRANSFER,C330155,C440160
09dbb0f2-4df4-4035-a298-8b1a966419dd,2026-04-11T10:00:00Z,3313.44,PaySim_Network,TRANSFER,C330156,C440161
33ca35a4-8c55-4eae-9c07-4585b83614d1,2026-04-11T10:00:00Z,4044.48,PaySim_Network,TRANSFER,C330157,C440162
4bdad66d-6722-4067-a2f9-c25e525faf02,2026-04-11T10:00:00Z,3369.45,PaySim_Network,TRANSFER,C330158,C440163
e51e18d9-4662-4c57-ae86-f3dda448d0ef,2026-04-11T10:00:00Z,837.12,PaySim_Network,TRANSFER,C330159,C440164
6e2be9f6-e9ab-4086-8ebb-7538b99e1559,2026-04-11T10:00:00Z,1203.61,PaySim_Network,TRANSFER,C330160,C440165
38b11265-9acd-46e1-b094-4bf1fa6c50aa,2026-04-11T10:00:00Z,2211.74,PaySim_Network,TRANSFER,C330161,C440166
4d3cb108-8160-4d79-819e-9c3c01ec09b8,2026-04-11T10:00:00Z,386.72,PaySim_Network,TRANSFER,C330162,C440167
3a36d063-0353-43fd-ba4c-2a79ad4e1724,2026-04-11T10:00:00Z,778.66,PaySim_Network,TRANSFER,C330163,C440168
169ceec8-8269-45c8-a4f6-15aac7b2dedb,2026-04-11T10:00:00Z,3809.67,PaySim_Network,TRANSFER,C330164,C440169
cc5a9bf4-fc7e-4538-8637-e2f1096dd22b,2026-04-11T10:00:00Z,3647.40,PaySim_Network,TRANSFER,C330165,C440170
b22368fc-d804-4a0f-b08f-67e7d0482c11,2026-04-11T10:00:00Z,3577.84,PaySim_Network,TRANSFER,C330166,C440171
0138a490-563f-4caa-bfbb-05de0693c910,2026-04-11T10:00:00Z,3329.33,PaySim_Network,TRANSFER,C330167,C440172
3f6d699a-b848-4725-b7ef-7fa419292624,2026-04-11T10:00:00Z,689.46,PaySim_Network,TRANSFER,C330168,C440173
e562dbf2-18d1-45c6-a77a-6d00110fd0c5,2026-04-11T10:00:00Z,3796.34,PaySim_Network,TRANSFER,C330169,C440174
a24a3be0-af5e-49b9-87ae-2266f83c069d,2026-04-11T10:00:00Z,4955.62,PaySim_Network,TRANSFER,C330170,C440175
6bf0182e-ad29-4c3b-9df1-ac5717e0d507,2026-04-11T10:00:00Z,1516.53,PaySim_Network,TRANSFER,C330171,C440176
aa4d4c97-73a6-4590-8a7c-10fb91ca7364,2026-04-11T10:00:00Z,3292.40,PaySim_Network,TRANSFER,C330172,C440177
14352442-5d34-4f22-8a52-9b44dcb1fa82,2026-04-11T10:00:00Z,2042.90,PaySim_Network,TRANSFER,C330173,C440178
25dbe24f-4930-4fdd-8c90-76c48132bde1,2026-04-11T10:00:00Z,3396.00,PaySim_Network,TRANSFER,C330174,C440179
659fc5de-7509-4b7d-8b1e-30e417e3a48a,2026-04-11T10:00:00Z,1752.52,PaySim_Network,TRANSFER,C330175,C440180
c5b17d4d-488c-4a22-acc3-0447bc8fd686,2026-04-11T10:00:00Z,2532.60,PaySim_Network,TRANSFER,C330176,C440181
970769f9-2990-4c8c-add1-93c37e4e2c66,2026-04-11T10:00:00Z,2424.52,PaySim_Network,TRANSFER,C330177,C440182
80e9d212-3745-443a-911a-449c3c435723,2026-04-11T10:00:00Z,1817.60,PaySim_Network,TRANSFER,C330178,C440183
0ced2787-3ef3-4b1c-9d77-d4b679193d8a,2026-04-11T10:00:00Z,633.38,PaySim_Network,TRANSFER,C330179,C440184
e122c201-2a1b-4a2b-8ec8-8c12fe3f4dd3,2026-04-11T10:00:00Z,2176.15,PaySim_Network,TRANSFER,C330180,C440185
13de9c43-d437-4f8b-9136-0bb96f36d840,2026-04-11T10:00:00Z,573.65,PaySim_Network,TRANSFER,C330181,C440186
de25039b-eb58-483f-9688-e0062b23de09,2026-04-11T10:00:00Z,1662.18,PaySim_Network,TRANSFER,C330182,C440187
3e087793-cc32-452c-9406-442f20f1fb2d,2026-04-11T10:00:00Z,2940.40,PaySim_Network,TRANSFER,C330183,C440188
273e7cea-4a0c-4b1b-a301-7c5f970b73e0,2026-04-11T10:00:00Z,852.86,PaySim_Network,TRANSFER,C330184,C440189
7eec259b-c654-4b26-b8bb-9cdc68cbec5e,2026-04-11T10:00:00Z,3883.84,PaySim_Network,TRANSFER,C330185,C440190
82604770-362a-430b-aa42-9074adb99292,2026-04-11T10:00:00Z,1725.27,PaySim_Network,TRANSFER,C330186,C440191
c2ee7ad0-b3f7-4107-bdca-478c640fa3c9,2026-04-11T10:00:00Z,4537.35,PaySim_Network,TRANSFER,C330187,C440192
49436446-8afd-4e74-bd76-a2035a8e970b,2026-04-11T10:00:00Z,3824.58,PaySim_Network,TRANSFER,C330188,C440193
4eb68f4e-7e61-401d-9237-d6050b9d913b,2026-04-11T10:00:00Z,4369.24,PaySim_Network,TRANSFER,C330189,C440194
8a853ad3-99f7-4101-8216-26dbcad316ea,2026-04-11T10:00:00Z,1066.66,PaySim_Network,TRANSFER,C330190,C440195
1c56bdd4-53c8-49da-a2fb-db9250e02581,2026-04-11T10:00:00Z,3726.35,PaySim_Network,TRANSFER,C330191,C440196
e654fbbb-0361-466f-97f9-1abfe068f700,2026-04-11T10:00:00Z,502.08,PaySim_Network,TRANSFER,C330192,C440197
ef02b063-4c3f-4b8b-ab96-4e85475e924b,2026-04-11T10:00:00Z,3386.90,PaySim_Network,TRANSFER,C330193,C440198
67c08fbf-24fb-450e-8184-4d3fe28cb063,2026-04-11T10:00:00Z,3854.98,PaySim_Network,TRANSFER,C330194,C440199
23d3580a-f4e5-4a83-b585-0f36cd77f397,2026-04-11T10:00:00Z,2180.88,PaySim_Network,TRANSFER,C330195,C440200
a9861262-3501-4fb5-992d-f0df1dc0ad8a,2026-04-11T10:00:00Z,3105.00,PaySim_Network,TRANSFER,C330196,C440201
60d093de-d7af-4b1f-882a-f79d57ff418b,2026-04-11T10:00:00Z,4328.55,PaySim_Network,TRANSFER,C330197,C440202
8ffa89ac-c989-487b-a6ae-060fe0a32a07,2026-04-11T10:00:00Z,3889.17,PaySim_Network,TRANSFER,C330198,C440203
07c7c1de-dcd8-4a29-9380-b13e263dc212,2026-04-11T10:00:00Z,3031.10,PaySim_Network,TRANSFER,C330199,C440204
6860fa32-b222-42c2-b9dc-b83a842d55c9,2026-04-11T10:00:00Z,1289.44,PaySim_Network,TRANSFER,C330200,C440205
b5eaf19e-c9f8-40dc-9cb9-3a01374252b0,2026-04-11T10:00:00Z,484.88,PaySim_Network,TRANSFER,C330201,C440206
bec4cc2a-a7e8-4d53-b336-8563d60f6fe1,2026-04-11T10:00:00Z,3734.76,PaySim_Network,TRANSFER,C330202,C440207
7d6ee1af-93bd-42f9-b1f7-9fee58e9bb9d,2026-04-11T10:00:00Z,4588.35,PaySim_Network,TRANSFER,C330203,C440208
3015bd7b-8d24-4f74-9e96-e477397e2352,2026-04-11T10:00:00Z,4882.80,PaySim_Network,TRANSFER,C330204,C440209
2fa85d4e-90a4-4a95-9f0e-9d2a301921f6,2026-04-11T10:00:00Z,2718.04,PaySim_Network,TRANSFER,C330205,C440210
ba822bf2-6586-4970-9bb8-b150abc44ac0,2026-04-11T10:00:00Z,4428.80,PaySim_Network,TRANSFER,C330206,C440211
fb6666a1-7e1a-4149-8810-9ec8d9bbabe1,2026-04-11T10:00:00Z,1957.77,PaySim_Network,TRANSFER,C330207,C440212
3a2162ee-4b5a-4bb9-bb07-877bba3d012f,2026-04-11T10:00:00Z,3158.16,PaySim_Network,TRANSFER,C330208,C440213
71468b56-dd20-44c7-92ed-9c5eb5dc82bb,2026-04-11T10:00:00Z,1184.55,PaySim_Network,TRANSFER,C330209,C440214
094d5da4-efaf-408f-a9bc-2a90e54b8f18,2026-04-11T10:00:00Z,1894.25,PaySim_Network,TRANSFER,C330210,C440215
b5311280-1e63-4cd1-a25c-0237a3ed0fb9,2026-04-11T10:00:00Z,4681.36,PaySim_Network,TRANSFER,C330211,C440216
ab75b67a-74ba-43ba-a212-71662e828ebc,2026-04-11T10:00:00Z,3587.13,PaySim_Network,TRANSFER,C330212,C440217
53c91f59-fa1e-4640-88b5-163ddbcc9f0f,2026-04-11T10:00:00Z,4409.94,PaySim_Network,TRANSFER,C330213,C440218
f21005ac-ee78-468b-b021-6cc76b2030cf,2026-04-11T10:00:00Z,4782.03,PaySim_Network,TRANSFER,C330214,C440219
e3d7d127-cf78-42a0-8b6e-37e7898bd1ba,2026-04-11T10:00:00Z,1686.30,PaySim_Network,TRANSFER,C330215,C440220
aace0002-27bb-4347-af56-443d681a2437,2026-04-11T10:00:00Z,2898.27,PaySim_Network,TRANSFER,C330216,C440221
c2465100-528a-4e36-b949-c4cceedff36d,2026-04-11T10:00:00Z,3487.76,PaySim_Network,TRANSFER,C330217,C440222
6c838d97-fac3-4b7f-9632-8646500fe7e5,2026-04-11T10:00:00Z,1543.87,PaySim_Network,TRANSFER,C330218,C440223
314f454e-9c8e-495c-8bd4-79f043c3bb9a,2026-04-11T10:00:00Z,4396.86,PaySim_Network,TRANSFER,C330219,C440224
d053026b-85d1-408e-8380-5f3381e21501,2026-04-11T10:00:00Z,1400.65,PaySim_Network,TRANSFER,C330220,C440225
1b2e6d0e-9ba9-4d0d-ac3b-b21602e03270,2026-04-11T10:00:00Z,3066.84,PaySim_Network,TRANSFER,C330221,C440226
18557a44-f18a-49c1-b523-bb11e0458b6b,2026-04-11T10:00:00Z,2013.43,PaySim_Network,TRANSFER,C330222,C440227
8198ae68-b842-430c-8540-8bbaf1f29640,2026-04-11T10:00:00Z,2482.02,PaySim_Network,TRANSFER,C330223,C440228
e6be7620-a3c9-41bb-8a19-09a84c422b5f,2026-04-11T10:00:00Z,434.87,PaySim_Network,TRANSFER,C330224,C440229
e4941c70-3532-449f-890b-7792151ca683,2026-04-11T10:00:00Z,3683.21,PaySim_Network,TRANSFER,C330225,C440230
34c4cdb5-166a-4451-8fd5-abbd2a2c1c9a,2026-04-11T10:00:00Z,2742.65,PaySim_Network,TRANSFER,C330226,C440231
462d449e-d541-476a-ba60-3842e3637b8c,2026-04-11T10:00:00Z,3760.18,PaySim_Network,TRANSFER,C330227,C440232
2d997c5e-64fb-416e-b006-37d2a0d3c4ea,2026-04-11T10:00:00Z,565.17,PaySim_Network,TRANSFER,C330228,C440233
06ce9830-795d-46c1-ac03-810dae14e022,2026-04-11T10:00:00Z,2881.37,PaySim_Network,TRANSFER,C330229,C440234
b6f9ce56-4100-43b8-ace1-f21cbbe0f084,2026-04-11T10:00:00Z,2327.45,PaySim_Network,TRANSFER,C330230,C440235
eabca0df-ce70-42a2-8a51-65bf9402b06a,2026-04-11T10:00:00Z,2041.04,PaySim_Network,TRANSFER,C330231,C440236
ec3dbe53-5e97-4f73-84c4-9b5ed77fb2ab,2026-04-11T10:00:00Z,4098.86,PaySim_Network,TRANSFER,C330232,C440237
62248022-54ef-4ff4-ba6c-26daaf16f187,2026-04-11T10:00:00Z,4959.60,PaySim_Network,TRANSFER,C330233,C440238
c098b97e-a04a-4a3b-83e4-8bc63c9b7187,2026-04-11T10:00:00Z,3528.25,PaySim_Network,TRANSFER,C330234,C440239
2b3efefa-f228-4f87-bedd-8e0cd800d418,2026-04-11T10:00:00Z,3003.27,PaySim_Network,TRANSFER,C330235,C440240
fc065cbc-6298-40cb-aa6a-3c58ee1c4b4a,2026-04-11T10:00:00Z,2732.07,PaySim_Network,TRANSFER,C330236,C440241
4ec12117-c0bb-4462-91a9-90e0aa186bf7,2026-04-11T10:00:00Z,257.11,PaySim_Network,TRANSFER,C330237,C440242
98a63e22-dea5-4171-b8c8-9e14b7919ace,2026-04-11T10:00:00Z,1682.21,PaySim_Network,TRANSFER,C330238,C440243
fdf091fa-aa83-4406-adc2-8c02cd094a11,2026-04-11T10:00:00Z,1438.63,PaySim_Network,TRANSFER,C330239,C440244
a918f3b9-e71d-4424-81e9-06a672a27a5e,2026-04-11T10:00:00Z,4744.07,PaySim_Network,TRANSFER,C330240,C440245
5c936a50-3aa9-47ae-9939-b143ad3ce219,2026-04-11T10:00:00Z,1046.99,PaySim_Network,TRANSFER,C330241,C440246
7f705c0f-1f76-4a74-9fd9-75e012dbfe1c,2026-04-11T10:00:00Z,1683.10,PaySim_Network,TRANSFER,C330242,C440247
d6e8788c-049e-427a-b538-39ba0cfeaa8b,2026-04-11T10:00:00Z,4193.72,PaySim_Network,TRANSFER,C330243,C440248
1f3590b2-9c51-4369-805b-feb569451ed4,2026-04-11T10:00:00Z,527.99,PaySim_Network,TRANSFER,C330244,C440249
f98eab3a-5680-4a28-952a-6b3d17e02d31,2026-04-11T10:00:00Z,3493.32,PaySim_Network,TRANSFER,C330245,C440250
042f7a65-8764-4762-8a36-037fb6db7df6,2026-04-11T10:00:00Z,2762.05,PaySim_Network,TRANSFER,C330246,C440251
bdbb5a5a-ca98-43fe-a7d1-00ab821a4807,2026-04-11T10:00:00Z,1429.45,PaySim_Network,TRANSFER,C330247,C440252
a1764844-3509-45ef-8f84-2dea9dc20dbd,2026-04-11T10:00:00Z,2988.37,PaySim_Network,TRANSFER,C330248,C440253
babedc8f-a88d-41b0-a4da-53fb06f1874d,2026-04-11T10:00:00Z,1975.20,PaySim_Network,TRANSFER,C330249,C440254
b3819dc7-b479-4472-b782-83b29d279d7d,2026-04-11T10:00:00Z,3384.58,PaySim_Network,TRANSFER,C330250,C440255
54878d68-2940-449f-a482-567cbd1c0144,2026-04-11T10:00:00Z,4839.84,PaySim_Network,TRANSFER,C330251,C440256
9c26320c-dd4d-49e0-ae05-d5dc47d14996,2026-04-11T10:00:00Z,1325.71,PaySim_Network,TRANSFER,C330252,C440257
378160b0-8996-4fb5-8619-b6936effd38d,2026-04-11T10:00:00Z,4038.87,PaySim_Network,TRANSFER,C330253,C440258
7a1f5ddc-efa5-436e-9765-fc90c43c06b2,2026-04-11T10:00:00Z,393.36,PaySim_Network,TRANSFER,C330254,C440259
efaf9e59-e6e8-4c83-af50-0cfc1bd78f89,2026-04-11T10:00:00Z,2505.38,PaySim_Network,TRANSFER,C330255,C440260
70f04872-89c3-497f-a1cc-90360dcb4b82,2026-04-11T10:00:00Z,912.73,PaySim_Network,TRANSFER,C330256,C440261
09bfc7c9-7e02-4895-bc39-1ccec1bea85a,2026-04-11T10:00:00Z,1569.14,PaySim_Network,TRANSFER,C330257,C440262
c629f753-1621-4275-baf3-e498781ca74f,2026-04-11T10:00:00Z,3030.02,PaySim_Network,TRANSFER,C330258,C440263
2dc0f0b3-3ee4-4e6e-be7c-1e4efaf738d8,2026-04-11T10:00:00Z,2469.55,PaySim_Network,TRANSFER,C330259,C440264
67d12448-3724-420e-9c35-265c545bb66c,2026-04-11T10:00:00Z,213.80,PaySim_Network,TRANSFER,C330260,C440265
95ee3577-4d2e-4aa4-868f-2513c5810d67,2026-04-11T10:00:00Z,1260.91,PaySim_Network,TRANSFER,C330261,C440266
11b82028-841b-4d7a-bdc5-cde6216b9efd,2026-04-11T10:00:00Z,1496.96,PaySim_Network,TRANSFER,C330262,C440267
18176a5a-a918-4873-a72b-05081c26760c,2026-04-11T10:00:00Z,467.28,PaySim_Network,TRANSFER,C330263,C440268
76c540f5-f97d-4c75-b58a-c521ff86f7b6,2026-04-11T10:00:00Z,2268.60,PaySim_Network,TRANSFER,C330264,C440269
9b5edf66-de59-4902-9416-8972849302cb,2026-04-11T10:00:00Z,3342.54,PaySim_Network,TRANSFER,C330265,C440270
8d945be8-9102-4cd2-9cc0-4253a0f78f4f,2026-04-11T10:00:00Z,4720.89,PaySim_Network,TRANSFER,C330266,C440271
c842c696-9970-494f-917f-bfe1006eea35,2026-04-11T10:00:00Z,3321.93,PaySim_Network,TRANSFER,C330267,C440272
e98b9fb7-1dfc-46ce-87ea-453ec21a174a,2026-04-11T10:00:00Z,1908.65,PaySim_Network,TRANSFER,C330268,C440273
09e818b8-16cb-4636-9902-2ddb08c1ce04,2026-04-11T10:00:00Z,3018.99,PaySim_Network,TRANSFER,C330269,C440274
64313687-1994-46f8-ab3d-48889436fad6,2026-04-11T10:00:00Z,4475.02,PaySim_Network,TRANSFER,C330270,C440275
daf1fd3a-3f17-4482-8495-2c39b6b15db2,2026-04-11T10:00:00Z,2772.31,PaySim_Network,TRANSFER,C330271,C440276
59e39328-1980-4af0-a551-ce82fc05fc64,2026-04-11T10:00:00Z,671.38,PaySim_Network,TRANSFER,C330272,C440277
31895941-3d6b-4842-8856-036513823224,2026-04-11T10:00:00Z,4834.97,PaySim_Network,TRANSFER,C330273,C440278
d3cccc0c-9ea4-4887-9867-2b1ee4cc4759,2026-04-11T10:00:00Z,852.41,PaySim_Network,TRANSFER,C330274,C440279
4ceea0e8-1847-42b3-9382-be5cbe3669c6,2026-04-11T10:00:00Z,2807.47,PaySim_Network,TRANSFER,C330275,C440280
21e1230d-b961-43a9-ba04-9c04376baebd,2026-04-11T10:00:00Z,4473.85,PaySim_Network,TRANSFER,C330276,C440281
28034de6-da18-43f1-94c9-afbc8c2a73d9,2026-04-11T10:00:00Z,4719.38,PaySim_Network,TRANSFER,C330277,C440282
9c8dce44-27d9-4859-87ee-ea1b0c8bd7e7,2026-04-11T10:00:00Z,21.77,PaySim_Network,TRANSFER,C330278,C440283
638af24c-3a62-4b36-98d5-151945ee354a,2026-04-11T10:00:00Z,2462.97,PaySim_Network,TRANSFER,C330279,C440284
0f19aea5-6665-42a8-8a25-683253e6de29,2026-04-11T10:00:00Z,3263.02,PaySim_Network,TRANSFER,C330280,C440285
bf187fe2-8e71-439f-b9c5-5afd2cf8384b,2026-04-11T10:00:00Z,2047.00,PaySim_Network,TRANSFER,C330281,C440286
3d506cb4-85b3-4863-859c-11def3bd59d2,2026-04-11T10:00:00Z,4785.34,PaySim_Network,TRANSFER,C330282,C440287
80b54cc9-1e7e-4f14-ae3b-510203a1169e,2026-04-11T10:00:00Z,2162.15,PaySim_Network,TRANSFER,C330283,C440288
021dd5b4-7539-444a-934e-d2d1ec893640,2026-04-11T10:00:00Z,4774.26,PaySim_Network,TRANSFER,C330284,C440289
fc31b65f-33b3-4a1a-ab5f-dbc92c10e5af,2026-04-11T10:00:00Z,2930.03,PaySim_Network,TRANSFER,C330285,C440290
68671563-2857-4f83-878d-e4d3ad2dca24,2026-04-11T10:00:00Z,2191.97,PaySim_Network,TRANSFER,C330286,C440291
1563ddc9-869b-4996-957c-d1aa37b3c421,2026-04-11T10:00:00Z,2836.61,PaySim_Network,TRANSFER,C330287,C440292
e7e4add7-4884-4b04-b770-b27d518e5955,2026-04-11T10:00:00Z,545.91,PaySim_Network,TRANSFER,C330288,C440293
410162fc-3dcd-4a2e-9675-1c66a9bad2f4,2026-04-11T10:00:00Z,2461.51,PaySim_Network,TRANSFER,C330289,C440294
a60965d7-d171-4419-8bc0-d1a960a4be15,2026-04-11T10:00:00Z,4730.37,PaySim_Network,TRANSFER,C330290,C440295
fe8bf0f4-953b-4877-a8cf-9615de49c009,2026-04-11T10:00:00Z,1231.50,PaySim_Network,TRANSFER,C330291,C440296
9c3dd996-1fbd-49a3-a113-dc97549d71b0,2026-04-11T10:00:00Z,397.00,PaySim_Network,TRANSFER,C330292,C440297
2195c713-0139-4d69-ae33-94d92289f3c3,2026-04-11T10:00:00Z,4397.23,PaySim_Network,TRANSFER,C330293,C440298
48438fd1-f4be-4a68-8062-265dd8086a58,2026-04-11T10:00:00Z,2391.76,PaySim_Network,TRANSFER,C330294,C440299
396b9baf-6e25-4fb4-9267-289b91cf71c3,2026-04-11T10:00:00Z,2958.55,PaySim_Network,TRANSFER,C330295,C440300
5ec56199-5360-4c24-be31-61704bc64184,2026-04-11T10:00:00Z,4805.96,PaySim_Network,TRANSFER,C330296,C440301
b95d8033-897c-4ac7-9bbf-95bcc3014071,2026-04-11T10:00:00Z,3019.45,PaySim_Network,TRANSFER,C330297,C440302
a0ed033d-e68d-4d3a-9d6d-6a491e0b562a,2026-04-11T10:00:00Z,869.29,PaySim_Network,TRANSFER,C330298,C440303
21c55f3a-733f-4723-8697-56da141d71dd,2026-04-11T10:00:00Z,4210.90,PaySim_Network,TRANSFER,C330299,C440304
4013aace-800a-4841-8166-d26738df794f,2026-04-11T10:00:00Z,4805.24,PaySim_Network,TRANSFER,C330300,C440305
e0257bd1-083d-4351-b117-86d8bf7d0ee9,2026-04-11T10:00:00Z,240.55,PaySim_Network,TRANSFER,C330301,C440306
5cab923d-82bb-4ae9-bbcd-debba4ebb0f9,2026-04-11T10:00:00Z,181.88,PaySim_Network,TRANSFER,C330302,C440307
1f3f8412-dc7d-4c87-b06d-8df1d3c13590,2026-04-11T10:00:00Z,986.12,PaySim_Network,TRANSFER,C330303,C440308
53e6ebdc-1530-49a3-aa83-7093e70c060d,2026-04-11T10:00:00Z,1835.47,PaySim_Network,TRANSFER,C330304,C440309
da42da6a-76e5-4900-9b89-ae81415f684f,2026-04-11T10:00:00Z,1003.24,PaySim_Network,TRANSFER,C330305,C440310
646fd9e3-b637-45da-983a-dc2cc9a5d5c5,2026-04-11T10:00:00Z,762.17,PaySim_Network,TRANSFER,C330306,C440311
bf6e335d-6b93-4679-9941-62ae0be42800,2026-04-11T10:00:00Z,4420.03,PaySim_Network,TRANSFER,C330307,C440312
b2c3fde6-ca54-4b9e-873a-4ac274b6157e,2026-04-11T10:00:00Z,707.22,PaySim_Network,TRANSFER,C330308,C440313
813149ca-f2be-4542-8bc7-7fca9b660c8e,2026-04-11T10:00:00Z,4168.76,PaySim_Network,TRANSFER,C330309,C440314
b7e1709b-5fce-4857-9270-b8e3885baafb,2026-04-11T10:00:00Z,1315.14,PaySim_Network,TRANSFER,C330310,C440315
0f3f12b6-4e8a-437d-a81f-ba4b8f3ba256,2026-04-11T10:00:00Z,4883.08,PaySim_Network,TRANSFER,C330311,C440316
0b3f6bf8-20fe-40bd-872c-2918c2e02975,2026-04-11T10:00:00Z,3511.21,PaySim_Network,TRANSFER,C330312,C440317
02eed9a1-63b3-4c0e-acbc-bb1db088c0c9,2026-04-11T10:00:00Z,3675.67,PaySim_Network,TRANSFER,C330313,C440318
b80cf3c3-103a-4eb5-97be-4ab51ff48889,2026-04-11T10:00:00Z,856.52,PaySim_Network,TRANSFER,C330314,C440319
20b4a2ab-99ef-4cd5-b52e-6dae4cfba9f9,2026-04-11T10:00:00Z,3166.19,PaySim_Network,TRANSFER,C330315,C440320
ba8f7e40-5ef4-410f-a00f-51e9578de817,2026-04-11T10:00:00Z,4472.50,PaySim_Network,TRANSFER,C330316,C440321
609c906b-688d-499a-b268-bf894f74ff93,2026-04-11T10:00:00Z,1288.68,PaySim_Network,TRANSFER,C330317,C440322
338de2d1-1bdb-4a20-992d-6ace107e5a43,2026-04-11T10:00:00Z,448.14,PaySim_Network,TRANSFER,C330318,C440323
9b8a329c-2875-444a-851a-860840ef7e5a,2026-04-11T10:00:00Z,22.92,PaySim_Network,TRANSFER,C330319,C440324
78318e68-3f25-4e6f-a412-30420a275b5d,2026-04-11T10:00:00Z,2753.17,PaySim_Network,TRANSFER,C330320,C440325
fa1bd210-f8b1-4f3c-88c1-560dacafe796,2026-04-11T10:00:00Z,4627.34,PaySim_Network,TRANSFER,C330321,C440326
293bb27e-ee9a-4579-9e0d-a7e1afbeb939,2026-04-11T10:00:00Z,3213.19,PaySim_Network,TRANSFER,C330322,C440327
a28fa3ba-6af6-4e83-bf5a-2594e45c8c9f,2026-04-11T10:00:00Z,530.49,PaySim_Network,TRANSFER,C330323,C440328
6da983a9-f843-4a1f-aae1-73da238c807e,2026-04-11T10:00:00Z,4982.27,PaySim_Network,TRANSFER,C330324,C440329
8c379662-59db-480d-9b48-4958bb45633a,2026-04-11T10:00:00Z,4047.58,PaySim_Network,TRANSFER,C330325,C440330
a879c5fc-b2ac-4721-b87c-97f5a78048f5,2026-04-11T10:00:00Z,2876.15,PaySim_Network,TRANSFER,C330326,C440331
8ebb1454-668b-43ff-ac05-a3c35152f600,2026-04-11T10:00:00Z,594.79,PaySim_Network,TRANSFER,C330327,C440332
d6aeda66-a5b7-4524-b225-ee4bc6cabbd3,2026-04-11T10:00:00Z,2439.44,PaySim_Network,TRANSFER,C330328,C440333
af6d2d42-90ca-459a-bed3-8ba15049f9b0,2026-04-11T10:00:00Z,271.31,PaySim_Network,TRANSFER,C330329,C440334
c2a1ac11-170b-4068-8981-164ff14cba3b,2026-04-11T10:00:00Z,909.38,PaySim_Network,TRANSFER,C330330,C440335
4c74c858-348c-403d-b4d7-1dc463c0bd1b,2026-04-11T10:00:00Z,253.01,PaySim_Network,TRANSFER,C330331,C440336
d5146ced-5650-4fa7-8890-8b06606d51cc,2026-04-11T10:00:00Z,4313.84,PaySim_Network,TRANSFER,C330332,C440337
6bbbf19c-7d30-447b-8c9a-eb5b9b511341,2026-04-11T10:00:00Z,1673.74,PaySim_Network,TRANSFER,C330333,C440338
7fcf6c99-4943-46f0-87e5-242bf66a8fdb,2026-04-11T10:00:00Z,3877.02,PaySim_Network,TRANSFER,C330334,C440339
cfcf0959-4809-4e56-acde-193902315699,2026-04-11T10:00:00Z,3862.50,PaySim_Network,TRANSFER,C330335,C440340
e09a7d6a-55f1-4035-8f59-e62f57457fae,2026-04-11T10:00:00Z,3611.24,PaySim_Network,TRANSFER,C330336,C440341
c5682bb7-854d-4752-90e3-90a1e3c46367,2026-04-11T10:00:00Z,461.13,PaySim_Network,TRANSFER,C330337,C440342
cccfe08e-b20c-4dfa-8256-f0f63f778bf5,2026-04-11T10:00:00Z,2935.10,PaySim_Network,TRANSFER,C330338,C440343
a041f025-942e-499f-9c73-4c503c1986d9,2026-04-11T10:00:00Z,3209.24,PaySim_Network,TRANSFER,C330339,C440344
2392351e-1433-46ec-9b4a-514bb57e29a6,2026-04-11T10:00:00Z,4369.54,PaySim_Network,TRANSFER,C330340,C440345
bd5f5420-b42c-4be1-ac66-6c08bc0aee8f,2026-04-11T10:00:00Z,3399.70,PaySim_Network,TRANSFER,C330341,C440346
3098dc84-77ee-4f33-ad04-e899513d2c09,2026-04-11T10:00:00Z,2382.46,PaySim_Network,TRANSFER,C330342,C440347
b4c1a804-a061-4139-a945-8882f45ae042,2026-04-11T10:00:00Z,1579.37,PaySim_Network,TRANSFER,C330343,C440348
677b3d44-7728-4dd4-a687-3dfaf546e81c,2026-04-11T10:00:00Z,1544.10,PaySim_Network,TRANSFER,C330344,C440349
bbf0a49d-a07a-431b-8a60-930886c6fb01,2026-04-11T10:00:00Z,3326.03,PaySim_Network,TRANSFER,C330345,C440350
d801332e-bf73-4e62-adb1-fd088daa65d7,2026-04-11T10:00:00Z,2576.37,PaySim_Network,TRANSFER,C330346,C440351
08f04d21-e4a4-46a3-9294-6f4a957f7413,2026-04-11T10:00:00Z,3644.56,PaySim_Network,TRANSFER,C330347,C440352
eb2a26b7-b22e-4ae1-9bdb-0c2bec6ac6e3,2026-04-11T10:00:00Z,2562.85,PaySim_Network,TRANSFER,C330348,C440353
3fcc594d-72ad-4e8c-8fc9-7e3ff6e1ab59,2026-04-11T10:00:00Z,3659.63,PaySim_Network,TRANSFER,C330349,C440354
d57a709f-b62b-4baa-ab50-7d87ab717c0c,2026-04-11T10:00:00Z,3669.25,PaySim_Network,TRANSFER,C330350,C440355
b753bb3c-4c10-434e-9982-140e95267534,2026-04-11T10:00:00Z,2170.65,PaySim_Network,TRANSFER,C330351,C440356
870af1c6-f0be-4c37-b7e6-5214e7c6e4f0,2026-04-11T10:00:00Z,2985.09,PaySim_Network,TRANSFER,C330352,C440357
f9f21960-2140-4881-b942-bd5f6c524551,2026-04-11T10:00:00Z,3328.92,PaySim_Network,TRANSFER,C330353,C440358
8f2a95fb-dfad-40a4-99f1-25e3dfc5e9a1,2026-04-11T10:00:00Z,662.76,PaySim_Network,TRANSFER,C330354,C440359
2569a7ed-0edb-4a46-be30-43f17114f142,2026-04-11T10:00:00Z,3448.02,PaySim_Network,TRANSFER,C330355,C440360
d0d4f013-f0f3-4092-b251-35ff4d6cfd93,2026-04-11T10:00:00Z,4313.32,PaySim_Network,TRANSFER,C330356,C440361
06f5003d-9119-45d3-8752-a3c400923656,2026-04-11T10:00:00Z,233.32,PaySim_Network,TRANSFER,C330357,C440362
550e342c-3805-4fdb-a43a-88dffba75a2d,2026-04-11T10:00:00Z,3958.29,PaySim_Network,TRANSFER,C330358,C440363
0a4ae45c-4114-4222-84be-a91cc13caa23,2026-04-11T10:00:00Z,2757.36,PaySim_Network,TRANSFER,C330359,C440364
6ae518d6-c821-4f30-aa3e-20005fed6351,2026-04-11T10:00:00Z,3924.47,PaySim_Network,TRANSFER,C330360,C440365
52a23042-9ebd-4dc0-9c28-71f35dd518a5,2026-04-11T10:00:00Z,4127.30,PaySim_Network,TRANSFER,C330361,C440366
93763624-e89e-48bb-bfa8-61f4f4bc0e43,2026-04-11T10:00:00Z,3331.11,PaySim_Network,TRANSFER,C330362,C440367
1f27af53-6cd4-4df1-9653-5199a28287f4,2026-04-11T10:00:00Z,1109.63,PaySim_Network,TRANSFER,C330363,C440368
faf52d83-48e6-4a66-a9f1-e018a4ecec3e,2026-04-11T10:00:00Z,443.79,PaySim_Network,TRANSFER,C330364,C440369
82e1fc92-aa24-40cf-89c1-78806c4870e0,2026-04-11T10:00:00Z,3156.59,PaySim_Network,TRANSFER,C330365,C440370
4bc4dd38-0352-481d-939c-1c885a29420d,2026-04-11T10:00:00Z,2017.63,PaySim_Network,TRANSFER,C330366,C440371
9a92895a-7ff4-48c2-80b6-68a85071efcb,2026-04-11T10:00:00Z,3188.97,PaySim_Network,TRANSFER,C330367,C440372
bf11f697-d316-4cbb-9d97-d9455e935e21,2026-04-11T10:00:00Z,568.46,PaySim_Network,TRANSFER,C330368,C440373
7a89fbd3-0db2-4362-ad64-e6814e01ef42,2026-04-11T10:00:00Z,4721.26,PaySim_Network,TRANSFER,C330369,C440374
3c8990b6-976a-426f-bab3-7d9d4c103249,2026-04-11T10:00:00Z,2636.78,PaySim_Network,TRANSFER,C330370,C440375
a1f3f915-b624-4c09-9cbc-98c85fe6b631,2026-04-11T10:00:00Z,3377.90,PaySim_Network,TRANSFER,C330371,C440376
a235931f-f24a-4bb9-99a1-c1dfe545f872,2026-04-11T10:00:00Z,2487.46,PaySim_Network,TRANSFER,C330372,C440377
4a0ff747-a7ec-4863-8db5-e5cf0c38a7ad,2026-04-11T10:00:00Z,308.57,PaySim_Network,TRANSFER,C330373,C440378
737cc2c4-5d38-4eef-8a76-12838ecec244,2026-04-11T10:00:00Z,234.85,PaySim_Network,TRANSFER,C330374,C440379
f1c13969-28e3-45af-b432-14eaefe5f966,2026-04-11T10:00:00Z,1369.58,PaySim_Network,TRANSFER,C330375,C440380
c143ead2-1bba-4c71-ac30-037a3a037e65,2026-04-11T10:00:00Z,642.47,PaySim_Network,TRANSFER,C330376,C440381
be61d287-5417-452b-9907-1f9fad8c8777,2026-04-11T10:00:00Z,18.50,PaySim_Network,TRANSFER,C330377,C440382
3be162df-5eb1-4608-b7f1-b378f3fb4deb,2026-04-11T10:00:00Z,4222.12,PaySim_Network,TRANSFER,C330378,C440383
cf1aff51-46fb-430e-8da3-78ca11aae915,2026-04-11T10:00:00Z,4222.29,PaySim_Network,TRANSFER,C330379,C440384
4ffa3ca2-078b-4614-9a7a-f17fdde6bdd4,2026-04-11T10:00:00Z,445.12,PaySim_Network,TRANSFER,C330380,C440385
45c3ec74-3267-46fa-81bb-89726af1d547,2026-04-11T10:00:00Z,508.08,PaySim_Network,TRANSFER,C330381,C440386
5d745f8a-a33f-4c5f-82f3-9df8ff73b0b9,2026-04-11T10:00:00Z,287.54,PaySim_Network,TRANSFER,C330382,C440387
8c137cdd-2e9b-4806-adde-72e7bcdd77c9,2026-04-11T10:00:00Z,3764.01,PaySim_Network,TRANSFER,C330383,C440388
76d78bfb-2f72-4d20-8446-3be01df01eb3,2026-04-11T10:00:00Z,428.22,PaySim_Network,TRANSFER,C330384,C440389
832f8ed3-b0dc-4c1e-9b6a-749495bbb446,2026-04-11T10:00:00Z,4737.55,PaySim_Network,TRANSFER,C330385,C440390
32abee92-3ce1-4a0d-943d-6e1e7a24c621,2026-04-11T10:00:00Z,230.49,PaySim_Network,TRANSFER,C330386,C440391
9e18a217-7973-44b3-8629-3af30f050ae8,2026-04-11T10:00:00Z,1650.17,PaySim_Network,TRANSFER,C330387,C440392
efab9b14-3439-4944-844b-ff443e5a9544,2026-04-11T10:00:00Z,3101.27,PaySim_Network,TRANSFER,C330388,C440393
8ebd4eaa-ec36-44be-a6ec-290b4e5f80b9,2026-04-11T10:00:00Z,190.31,PaySim_Network,TRANSFER,C330389,C440394
b7efb585-1ac2-431f-8da8-42e9992560ea,2026-04-11T10:00:00Z,710.86,PaySim_Network,TRANSFER,C330390,C440395
f27c4d5c-37da-4b8d-898d-475a792bb4f8,2026-04-11T10:00:00Z,4064.92,PaySim_Network,TRANSFER,C330391,C440396
a2dfeb4e-d246-4b96-9e8a-935fcd88a6db,2026-04-11T10:00:00Z,876.15,PaySim_Network,TRANSFER,C330392,C440397
cd84170a-ddbd-44c3-89e5-efee829a6fd4,2026-04-11T10:00:00Z,2613.04,PaySim_Network,TRANSFER,C330393,C440398
f507ab7c-1cdb-4678-9523-cf9eef15ac5e,2026-04-11T10:00:00Z,4666.11,PaySim_Network,TRANSFER,C330394,C440399
1d1c9b2f-2e1a-4880-83a4-5d7f64f6cca9,2026-04-11T10:00:00Z,4905.55,PaySim_Network,TRANSFER,C330395,C440400
2a949dcd-3b01-454f-a081-939a5ed31014,2026-04-11T10:00:00Z,3940.17,PaySim_Network,TRANSFER,C330396,C440401
e5d6c2e8-cfe1-4a78-a2c0-7cf2050e79ee,2026-04-11T10:00:00Z,2483.15,PaySim_Network,TRANSFER,C330397,C440402
d9e03670-4303-4ea3-b4b9-4280ef383a9b,2026-04-11T10:00:00Z,3353.56,PaySim_Network,TRANSFER,C330398,C440403
b2a4fc75-60ea-416e-a4d0-a21a769cf0e6,2026-04-11T10:00:00Z,1826.86,PaySim_Network,TRANSFER,C330399,C440404
807c259b-03fa-496f-9bb2-08c524b21204,2026-04-11T10:00:00Z,2840.82,PaySim_Network,TRANSFER,C330400,C440405
aaa5c01c-ad95-4595-9b8d-007a919fa24b,2026-04-11T10:00:00Z,2635.37,PaySim_Network,TRANSFER,C330401,C440406
67b0b877-857d-454d-908c-6cd7f9fbbed6,2026-04-11T10:00:00Z,4627.98,PaySim_Network,TRANSFER,C330402,C440407
e1d68d77-b1ff-4a66-a8f3-f101c7cbefba,2026-04-11T10:00:00Z,3535.69,PaySim_Network,TRANSFER,C330403,C440408
f93f1185-7aaf-4709-a67a-74c7a3b63f17,2026-04-11T10:00:00Z,4304.77,PaySim_Network,TRANSFER,C330404,C440409
d393b2bb-e016-40f6-897b-9a566ea9e348,2026-04-11T10:00:00Z,2704.80,PaySim_Network,TRANSFER,C330405,C440410
48327b32-be7b-41ac-8855-d9d336bbd5d8,2026-04-11T10:00:00Z,1400.17,PaySim_Network,TRANSFER,C330406,C440411
698cd837-974f-42e2-87b0-9a56c1243397,2026-04-11T10:00:00Z,1442.89,PaySim_Network,TRANSFER,C330407,C440412
70e00d74-4cb7-4bbf-a0ed-078f92fe38fd,2026-04-11T10:00:00Z,4126.59,PaySim_Network,TRANSFER,C330408,C440413
a3c29ba4-96e4-4351-9e90-129287560ed0,2026-04-11T10:00:00Z,3151.23,PaySim_Network,TRANSFER,C330409,C440414
c3e85fa9-4673-478a-abb4-5b86c35d58fe,2026-04-11T10:00:00Z,2088.85,PaySim_Network,TRANSFER,C330410,C440415
f925c3cf-176a-4def-b128-c8ced7450b2a,2026-04-11T10:00:00Z,2314.50,PaySim_Network,TRANSFER,C330411,C440416
a04d8340-eb00-4fef-b052-bda3cd30c2ec,2026-04-11T10:00:00Z,3351.34,PaySim_Network,TRANSFER,C330412,C440417
52393528-cfe7-4d3b-b49f-42a1170e4d86,2026-04-11T10:00:00Z,2569.06,PaySim_Network,TRANSFER,C330413,C440418
eb2a59e4-a08b-4692-9441-d4745821228c,2026-04-11T10:00:00Z,1323.67,PaySim_Network,TRANSFER,C330414,C440419
d9e06220-37c8-4ecb-b6a7-93e8e7c0cd76,2026-04-11T10:00:00Z,4763.68,PaySim_Network,TRANSFER,C330415,C440420
71dd303a-d7d2-4ad5-aaef-2127adc17b97,2026-04-11T10:00:00Z,2596.91,PaySim_Network,TRANSFER,C330416,C440421
00f9aa05-c662-4613-b923-91fb329a825a,2026-04-11T10:00:00Z,2229.25,PaySim_Network,TRANSFER,C330417,C440422
6cc7073d-d162-4ac0-9f01-ff2c810020e9,2026-04-11T10:00:00Z,926.50,PaySim_Network,TRANSFER,C330418,C440423
8fa69a18-869e-4630-842d-52cafb484529,2026-04-11T10:00:00Z,4278.65,PaySim_Network,TRANSFER,C330419,C440424
b0320a46-bb9a-4e22-9db4-5ed50ad920b1,2026-04-11T10:00:00Z,823.70,PaySim_Network,TRANSFER,C330420,C440425
530751c5-78f9-4f50-afa1-8a67fca6b7ec,2026-04-11T10:00:00Z,3494.64,PaySim_Network,TRANSFER,C330421,C440426
85c7bd29-f8dd-4f53-a47c-0dc0add112a1,2026-04-11T10:00:00Z,4456.42,PaySim_Network,TRANSFER,C330422,C440427
134a104a-d9a2-4865-975e-a9a12f660234,2026-04-11T10:00:00Z,1519.35,PaySim_Network,TRANSFER,C330423,C440428
feab894d-6b88-4054-8db6-14c463699622,2026-04-11T10:00:00Z,3576.45,PaySim_Network,TRANSFER,C330424,C440429
52c42201-a4f6-4b78-a8d5-b6b37db40869,2026-04-11T10:00:00Z,2696.04,PaySim_Network,TRANSFER,C330425,C440430
f297c067-d393-47cd-8ed8-4c9c77598a59,2026-04-11T10:00:00Z,726.25,PaySim_Network,TRANSFER,C330426,C440431
fd80633a-72cc-40e4-ae2a-6cb7313a8c4c,2026-04-11T10:00:00Z,1883.26,PaySim_Network,TRANSFER,C330427,C440432
4ffe62a1-2217-4be2-b21f-5b79b8e7e2ad,2026-04-11T10:00:00Z,2966.26,PaySim_Network,TRANSFER,C330428,C440433
ac16d61e-cd5e-4385-8e84-a7491cb3cd68,2026-04-11T10:00:00Z,3144.48,PaySim_Network,TRANSFER,C330429,C440434
982ecd68-ec17-4c4d-b10e-f0bb368aa60f,2026-04-11T10:00:00Z,1141.36,PaySim_Network,TRANSFER,C330430,C440435
4f29f2ee-7afe-41b2-bc96-0aceae36f8bc,2026-04-11T10:00:00Z,3787.03,PaySim_Network,TRANSFER,C330431,C440436
e9522a20-b952-48cf-84cb-d65606c0fe8b,2026-04-11T10:00:00Z,2370.11,PaySim_Network,TRANSFER,C330432,C440437
7c4591e9-7582-4606-90dc-be4a9a1984ba,2026-04-11T10:00:00Z,2311.92,PaySim_Network,TRANSFER,C330433,C440438
93d007e1-d910-4ba0-a170-eba4cfd523b2,2026-04-11T10:00:00Z,2521.97,PaySim_Network,TRANSFER,C330434,C440439
83e3d9a4-cfce-4660-8f00-714f737e2b9b,2026-04-11T10:00:00Z,1747.45,PaySim_Network,TRANSFER,C330435,C440440
e15652f7-e185-42e9-9e35-288a88a5a956,2026-04-11T10:00:00Z,1361.02,PaySim_Network,TRANSFER,C330436,C440441
17a85de5-6d42-4472-81a0-99e18ea4cef1,2026-04-11T10:00:00Z,658.57,PaySim_Network,TRANSFER,C330437,C440442
bc89195e-1dd2-41fc-abbe-e8611831daea,2026-04-11T10:00:00Z,2913.82,PaySim_Network,TRANSFER,C330438,C440443
ac1b671c-7730-4856-9b33-68c832044667,2026-04-11T10:00:00Z,3978.87,PaySim_Network,TRANSFER,C330439,C440444
8462dfbc-5ded-446a-881b-b6a489839e65,2026-04-11T10:00:00Z,4628.10,PaySim_Network,TRANSFER,C330440,C440445
f3ac8442-f6bb-48bb-bf8d-1431f076467e,2026-04-11T10:00:00Z,3972.35,PaySim_Network,TRANSFER,C330441,C440446
b3e555be-e78e-4175-8195-b91cf1d3d8db,2026-04-11T10:00:00Z,2769.71,PaySim_Network,TRANSFER,C330442,C440447
882380ce-2deb-4be6-8b30-aa63453b4ed9,2026-04-11T10:00:00Z,279.26,PaySim_Network,TRANSFER,C330443,C440448
0354db41-b646-4401-a465-3dab97177e7e,2026-04-11T10:00:00Z,3044.77,PaySim_Network,TRANSFER,C330444,C440449
7ad224c4-3810-4e5a-84ba-5265dd829411,2026-04-11T10:00:00Z,2065.25,PaySim_Network,TRANSFER,C330445,C440450
2a07bd3c-38f8-4316-b618-1c8705737716,2026-04-11T10:00:00Z,1088.42,PaySim_Network,TRANSFER,C330446,C440451
753c2972-1821-4de3-be1a-cff184d695c3,2026-04-11T10:00:00Z,4015.97,PaySim_Network,TRANSFER,C330447,C440452
a4b7d443-b841-434a-98d5-66ed0061ce57,2026-04-11T10:00:00Z,1823.36,PaySim_Network,TRANSFER,C330448,C440453
a6ccd46d-3ca6-4c1e-a06d-f0120c9d2367,2026-04-11T10:00:00Z,1522.96,PaySim_Network,TRANSFER,C330449,C440454
9cd9626a-1513-4d69-9953-7479081d9fa0,2026-04-11T10:00:00Z,1465.18,PaySim_Network,TRANSFER,C330450,C440455
40f12898-b59f-4126-928a-2736cb94b6f8,2026-04-11T10:00:00Z,4145.31,PaySim_Network,TRANSFER,C330451,C440456
03a6e998-b2da-48b7-892c-cf679ee4fda0,2026-04-11T10:00:00Z,2909.75,PaySim_Network,TRANSFER,C330452,C440457
3be9985e-96a6-4249-90ef-0dcb275c42da,2026-04-11T10:00:00Z,96.61,PaySim_Network,TRANSFER,C330453,C440458
095bf968-7bfb-4b5f-9f2f-7e2ceac9c42c,2026-04-11T10:00:00Z,2126.78,PaySim_Network,TRANSFER,C330454,C440459
4496d9d1-819f-4a9f-91f5-86a9ea84616d,2026-04-11T10:00:00Z,1801.24,PaySim_Network,TRANSFER,C330455,C440460
f8ef265c-7236-42a1-b33c-8aea7a7618d5,2026-04-11T10:00:00Z,4182.39,PaySim_Network,TRANSFER,C330456,C440461
0764c81b-6c93-4422-b2fc-7d17d6d464f4,2026-04-11T10:00:00Z,1460.20,PaySim_Network,TRANSFER,C330457,C440462
aa5be037-ea47-4eb9-94a6-ccdb971d2b67,2026-04-11T10:00:00Z,4135.38,PaySim_Network,TRANSFER,C330458,C440463
d79d9348-1d41-4d15-8492-c601fce1b973,2026-04-11T10:00:00Z,4184.39,PaySim_Network,TRANSFER,C330459,C440464
d8dea9eb-94da-4236-a10f-22ff2b0174d6,2026-04-11T10:00:00Z,393.15,PaySim_Network,TRANSFER,C330460,C440465
0526daa7-a47b-44ae-b415-7a831b360224,2026-04-11T10:00:00Z,3152.76,PaySim_Network,TRANSFER,C330461,C440466
7ed03b5d-97af-4b81-8e27-de2d3ce10610,2026-04-11T10:00:00Z,814.88,PaySim_Network,TRANSFER,C330462,C440467
d24e1883-9281-4641-929c-70cb4bc2282c,2026-04-11T10:00:00Z,2415.54,PaySim_Network,TRANSFER,C330463,C440468
a6741834-1798-4799-b7c6-694d6e5b5efc,2026-04-11T10:00:00Z,3221.51,PaySim_Network,TRANSFER,C330464,C440469
092871ba-37c1-44d2-8768-4e17cf4fde37,2026-04-11T10:00:00Z,904.57,PaySim_Network,TRANSFER,C330465,C440470
905a4943-b855-41f1-aefa-817ffceaf1f2,2026-04-11T10:00:00Z,4932.93,PaySim_Network,TRANSFER,C330466,C440471
a1cbbb4a-4fa3-4397-947e-b2a7d3cc7ed6,2026-04-11T10:00:00Z,4261.07,PaySim_Network,TRANSFER,C330467,C440472
a16e5703-5ae2-4f9e-9ed0-0f2193e10f99,2026-04-11T10:00:00Z,2844.73,PaySim_Network,TRANSFER,C330468,C440473
89c5d7d7-3777-4e88-b7e7-aa5b9949246c,2026-04-11T10:00:00Z,2223.61,PaySim_Network,TRANSFER,C330469,C440474
d833b7ea-824d-4071-a4e0-09938fedf4c6,2026-04-11T10:00:00Z,1141.88,PaySim_Network,TRANSFER,C330470,C440475
dc417d99-eaa2-4f05-bb2c-69882d577d11,2026-04-11T10:00:00Z,975.19,PaySim_Network,TRANSFER,C330471,C440476
4bb353aa-7ad2-42dc-aeb0-e080ed738a2a,2026-04-11T10:00:00Z,2582.12,PaySim_Network,TRANSFER,C330472,C440477
612b4b78-7eea-45a3-84c2-57cc6a4aec27,2026-04-11T10:00:00Z,2925.47,PaySim_Network,TRANSFER,C330473,C440478
b26f22f1-ca35-4113-b2b2-111659d8614f,2026-04-11T10:00:00Z,103.01,PaySim_Network,TRANSFER,C330474,C440479
037dc4cb-e107-4138-8caa-6c3f025ab88e,2026-04-11T10:00:00Z,2751.23,PaySim_Network,TRANSFER,C330475,C440480
c23a40e2-2c72-4a13-8d4d-ec96d52de942,2026-04-11T10:00:00Z,2443.03,PaySim_Network,TRANSFER,C330476,C440481
4e121eae-67e8-4c13-9f30-6ead618f2899,2026-04-11T10:00:00Z,3614.45,PaySim_Network,TRANSFER,C330477,C440482
76416003-655b-4900-8d3b-636b19a18d10,2026-04-11T10:00:00Z,2728.88,PaySim_Network,TRANSFER,C330478,C440483
99b98d05-2c41-4892-9463-2c6d97685817,2026-04-11T10:00:00Z,4027.31,PaySim_Network,TRANSFER,C330479,C440484
f7dc871c-0653-4ddc-8e68-8a579d304e78,2026-04-11T10:00:00Z,3242.45,PaySim_Network,TRANSFER,C330480,C440485
d4b9fb56-274a-4b21-9051-929bb0788c0e,2026-04-11T10:00:00Z,4131.23,PaySim_Network,TRANSFER,C330481,C440486
e0f9f2d6-fced-45c1-8231-7e82e93ad7bb,2026-04-11T10:00:00Z,1804.23,PaySim_Network,TRANSFER,C330482,C440487
48d615ed-3ec3-42de-a3e2-b47b3c88ba27,2026-04-11T10:00:00Z,3262.57,PaySim_Network,TRANSFER,C330483,C440488
4dcbfe88-68aa-4e94-a355-6d66e77e3776,2026-04-11T10:00:00Z,2394.67,PaySim_Network,TRANSFER,C330484,C440489
1440a672-8a25-41b2-97cf-b3779741b976,2026-04-11T10:00:00Z,1163.51,PaySim_Network,TRANSFER,C330485,C440490
b9904868-52ce-4dee-8c4f-9f8b6aeff7d0,2026-04-11T10:00:00Z,2578.15,PaySim_Network,TRANSFER,C330486,C440491
31c8bbee-9896-4462-8fad-059e5a3f4186,2026-04-11T10:00:00Z,2896.75,PaySim_Network,TRANSFER,C330487,C440492
976b99db-7d49-49d7-a5a2-ba2d25672673,2026-04-11T10:00:00Z,326.51,PaySim_Network,TRANSFER,C330488,C440493
ae79baa4-67e8-4524-a60e-e13b06fe0062,2026-04-11T10:00:00Z,3443.05,PaySim_Network,TRANSFER,C330489,C440494
df02c652-508f-4589-9a9c-af5314db8b3e,2026-04-11T10:00:00Z,2287.61,PaySim_Network,TRANSFER,C330490,C440495
ba556ab5-d9ab-493a-ac09-7a54ae7e1209,2026-04-11T10:00:00Z,4285.49,PaySim_Network,TRANSFER,C330491,C440496
fd594479-e3b3-4c8b-bce6-a58c4e64678c,2026-04-11T10:00:00Z,2072.24,PaySim_Network,TRANSFER,C330492,C440497
fff8d3eb-5636-4a8b-b287-dfed3fb7930f,2026-04-11T10:00:00Z,1078.15,PaySim_Network,TRANSFER,C330493,C440498
2481a27e-2a32-4d34-9a01-87cbf0765191,2026-04-11T10:00:00Z,1759.11,PaySim_Network,TRANSFER,C330494,C440499
ae5cc37f-9fc4-4484-8951-e9669a70028d,2026-04-11T10:00:00Z,3441.43,PaySim_Network,TRANSFER,C330495,C4400
2f7d66b4-0c2f-49c8-a089-6dc6d51657de,2026-04-11T10:00:00Z,461.74,PaySim_Network,TRANSFER,C330496,C4401
8d95e546-b7ad-4b6e-8f4c-cd40e2e29971,2026-04-11T10:00:00Z,1604.91,PaySim_Network,TRANSFER,C330497,C4402
b6a4f31c-2874-4d00-aff9-7c1f35ec827b,2026-04-11T10:00:00Z,1575.35,PaySim_Network,TRANSFER,C330498,C4403
bb112574-a9ec-4cd4-8e9e-7f73bdfdd374,2026-04-11T10:00:00Z,3530.69,PaySim_Network,TRANSFER,C330499,C4404